firstName,lastName,specialization,phoneNumber,email
Mohamed,Benali,Mathématiques,0550000901,m.benali@example.com
Nadia,Aït Ahmed,Mathématiques,0550000902,n.aitahmed@example.com
Karim,Bouchareb,Physique,0550000903,k.bouchareb@example.com
Samia,Boudiaf,Sciences naturelles,0550000904,s.boudiaf@example.com
Rachid,Mokrani,Arabe,0550000905,r.mokrani@example.com
Céline,Mahiout,Français,0550000906,c.mahiout@example.com
Yasmine,Belaïd,Anglais,0550000907,y.belaid@example.com
Omar,Bendjedid,Philosophie,0550000908,o.bendjedid@example.com
Farid,Bouhired,Histoire-Géographie,0550000909,f.bouhired@example.com
